mask_name,target_area_frac,target_perimeter,target_components,target_compactness,target_edge_density,shift_target_printed,iou_target_pixelILT,xor_target_pixelILT,iou_target_printed,xor_target_printed,comp_delta_target_printed,iou_pixelILT_litho_t0.30,xor_pixelILT_litho_t0.30,iou_pixelILT_litho_t0.40,xor_pixelILT_litho_t0.40,iou_pixelILT_litho_t0.50,xor_pixelILT_litho_t0.50,iou_litho_resist_t0.30,xor_litho_resist_t0.30,iou_litho_resist_t0.40,xor_litho_resist_t0.40,iou_litho_resist_t0.50,xor_litho_resist_t0.50,iou_resist_printed_t0.30,xor_resist_printed_t0.30,comp_delta_resist_printed_t0.30,iou_resist_printed_t0.40,xor_resist_printed_t0.40,comp_delta_resist_printed_t0.40,iou_resist_printed_t0.50,xor_resist_printed_t0.50,comp_delta_resist_printed_t0.50,iou_resist_printed_mean,iou_resist_printed_std
INV_X16__0_0.png,0.02386474609375,5980.0,23.0,357.26102940819555,0.0014257431030273438,114.01740055360916,0.20827388804650934,0.7917261119534682,0.5165336941166594,0.48346630588324113,-4,0.0,0.9999999999999772,0.0,0.9999999999999772,0.0,0.9999999999999772,0.0,0.9999999999998825,0.0,0.9999999999998515,0.0,0.999999999999809,0.6150168002066996,0.384983199793183,0,0.7777992392724389,0.22220076072741263,0,0.999999999999809,0.0,0,0.7976053464929825,0.1577914814835475
INV_X16__1_0.png,0.02386474609375,5980.0,23.0,357.26102940819555,0.0014257431030273438,92.3437562358346,0.2086363495183494,0.7913636504816284,0.5488774090998859,0.45112259090001483,-4,0.0,0.9999999999999775,0.0,0.9999999999999775,0.0,0.9999999999999775,0.0,0.9999999999998883,0.0,0.9999999999998596,0.0,0.9999999999998209,0.6233624088365007,0.3766375911633876,0,0.7838054178543746,0.21619458214548495,0,0.9999999999998209,0.0,0,0.8023892755635654,0.15432214918765155
INV_X16__2_0.png,0.020751953125,5200.0,20.0,310.6617647023132,0.001239776611328125,75.60852677038126,0.20169216187467523,0.7983078381253016,0.5539985116491437,0.44600148835074177,0,0.0,0.9999999999999768,0.0,0.9999999999999768,0.0,0.9999999999999768,0.0,0.9999999999998822,0.0,0.9999999999998467,0.0,0.9999999999997947,0.5735453474675414,0.4264546525323408,0,0.7467603171437505,0.25323968285609627,0,0.9999999999997947,0.0,0,0.7734352215370288,0.17511816117485576
INV_X16__3_0.png,0.01971435546875,4940.0,19.0,295.1286764670191,0.0011777877807617188,102.57329676515852,0.19124185879063144,0.8087581412093452,0.5511260147400515,0.4488739852598279,-2,0.0,0.9999999999999766,0.0,0.9999999999999766,0.0,0.9999999999999766,0.0,0.9999999999998677,0.0,0.9999999999998318,0.0,0.9999999999997822,0.6077717463258827,0.3922282536739849,0,0.7725643312743782,0.2274356687254536,0,0.9999999999997822,0.0,0,0.7934453592000144,0.16080581196056026
INV_X16__4_0.png,0.020751953125,5200.0,20.0,310.6617647023132,0.001239776611328125,65.5900720205404,0.20151454551587064,0.7984854544841052,0.5803534730784377,0.4196465269214482,-1,0.0,0.9999999999999757,0.0,0.9999999999999757,0.0,0.9999999999999757,0.0,0.9999999999998822,0.0,0.99999999999985,0.0,0.9999999999998054,0.6053750898400427,0.39462491015983947,0,0.7709621271231063,0.22903787287674374,0,0.9999999999998054,0.0,0,0.7921124056543182,0.16179762182247112
INV_X32__0_0.png,0.02490234375,6240.0,24.0,372.79411764348964,0.00148773193359375,134.17108861508618,0.22551602680271965,0.7744839731972571,0.5038897893030314,0.4961102106968733,-5,0.0,0.9999999999999764,0.0,0.9999999999999764,0.0,0.9999999999999764,0.0,0.9999999999998831,0.0,0.9999999999998531,0.0,0.9999999999998124,0.6229398976084551,0.377060102391428,0,0.7832316849142799,0.21676831508557326,0,0.9999999999998124,0.0,0,0.8020571941741824,0.15450864064946057
INV_X32__1_0.png,0.0228271484375,5720.0,22.0,341.7279411729014,0.0013637542724609375,120.93427219650418,0.2075994422427664,0.7924005577572106,0.5459033089457365,0.4540966910541597,-5,0.0,0.9999999999999768,0.0,0.9999999999999768,0.0,0.9999999999999768,0.0,0.9999999999998767,0.0,0.9999999999998481,0.0,0.9999999999998114,0.6540364470874837,0.345963552912393,0,0.8054120578581492,0.1945879421416989,0,0.9999999999998114,0.0,0,0.819816168315148,0.14160579975051235
INV_X32__2_0.png,0.01971435546875,4940.0,19.0,295.1286764670191,0.0011777877807617188,85.32347921481075,0.19811699351332726,0.8018830064866483,0.574145677495444,0.42585432250443567,-2,0.0,0.9999999999999756,0.0,0.9999999999999756,0.0,0.9999999999999756,0.0,0.9999999999998693,0.0,0.9999999999998362,0.0,0.9999999999997917,0.6274643099931199,0.3725356900067494,0,0.7862139007648556,0.21378609923498063,0,0.9999999999997917,0.0,0,0.8045594035859224,0.15263928761954898
INV_X32__3_0.png,0.01971435546875,4940.0,19.0,295.1286764670191,0.0011777877807617188,134.19903119808595,0.2061032615872123,0.7938967384127613,0.5208388606159378,0.47916113938394167,-4,0.0,0.9999999999999732,0.0,0.9999999999999732,0.0,0.9999999999999732,0.0,0.999999999999854,0.0,0.9999999999998178,0.0,0.9999999999997697,0.6342086814277277,0.36579131857212627,0,0.7915383072967441,0.20846169270307363,0,0.9999999999997697,0.0,0,0.8085823295747471,0.14981921596205672
INV_X32__4_0.png,0.0228271484375,5720.0,22.0,341.7279411729014,0.0013637542724609375,117.69938029511832,0.20844829668440565,0.7915517033155711,0.5554897806579683,0.4445102193419279,-5,0.0,0.9999999999999765,0.0,0.9999999999999765,0.0,0.9999999999999765,0.0,0.9999999999998783,0.0,0.9999999999998506,0.0,0.9999999999998149,0.6573994086799138,0.3426005913199647,0,0.8075779089752922,0.19242209102455834,0,0.9999999999998149,0.0,0,0.8216591058850069,0.14022006839962697
INV_X32__5_0.png,0.01971435546875,4940.0,19.0,295.1286764670191,0.0011777877807617188,92.2429142330709,0.2104218480964168,0.7895781519035566,0.5072769839736789,0.49272301602620044,-4,0.0,0.9999999999999731,0.0,0.9999999999999731,0.0,0.9999999999999731,0.0,0.9999999999998511,0.0,0.9999999999998135,0.0,0.9999999999997632,0.6287480449838938,0.3712519550159572,0,0.7875186567162711,0.21248134328354246,0,0.9999999999997632,0.0,0,0.805422233899976,0.15209077789871842
INV_X32__6_0.png,0.01971435546875,4940.0,19.0,295.1286764670191,0.0011777877807617188,140.585730370618,0.20736168578409042,0.7926383142158823,0.4948722279867167,0.5051277720131627,-5,0.0,0.9999999999999722,0.0,0.9999999999999722,0.0,0.9999999999999722,0.0,0.9999999999998439,0.0,0.9999999999998065,0.0,0.9999999999997574,0.6435543062386752,0.3564456937611687,0,0.7978239405260493,0.20217605947375716,0,0.9999999999997574,0.0,0,0.813792748921494,0.14595578161754477
INV_X32__7_0.png,0.0228271484375,5720.0,22.0,341.7279411729014,0.0013637542724609375,114.10945819888882,0.20814576148120784,0.7918542385187695,0.5723039596876448,0.42769604031225156,-4,0.0,0.9999999999999771,0.0,0.9999999999999771,0.0,0.9999999999999771,0.0,0.9999999999998848,0.0,0.9999999999998571,0.0,0.9999999999998211,0.6443358384433764,0.35566416155650843,0,0.7988681510274104,0.20113184897244676,0,0.9999999999998211,0.0,0,0.8144013298235359,0.14561412176604877
INV_X32__8_0.png,0.01971435546875,4940.0,19.0,295.1286764670191,0.0011777877807617188,128.72083121905624,0.20620697989415337,0.7937930201058214,0.5059726344747091,0.49402736552517024,-4,0.0,0.9999999999999748,0.0,0.9999999999999748,0.0,0.9999999999999748,0.0,0.9999999999998572,0.0,0.9999999999998163,0.0,0.9999999999997626,0.6017198525839783,0.3982801474158789,-2,0.7742386090023758,0.22576139099744047,-1,0.9999999999997626,0.0,0,0.7919861538620389,0.1630807580470364
INV_X32__9_0.png,0.01971435546875,4940.0,19.0,295.1286764670191,0.0011777877807617188,155.19911404442604,0.20631076905258958,0.7936892309473841,0.49271358602546717,0.5072864139744122,-5,0.0,0.9999999999999734,0.0,0.9999999999999734,0.0,0.9999999999999734,0.0,0.9999999999998465,0.0,0.9999999999998063,0.0,0.9999999999997564,0.6304174217525217,0.36958257824732477,-1,0.7956157692753429,0.20438423072446324,-1,0.9999999999997564,0.0,0,0.8086777303425402,0.1511638882276652
INV_X8__0_0.png,0.03009033203125,7540.0,29.0,450.45955881996025,0.0017976760864257812,48.82671169348985,0.20751771669437005,0.7924822833056092,0.47914632994296696,0.5208536700569543,-7,0.0,0.9999999999999781,0.0,0.9999999999999781,0.0,0.9999999999999781,0.0,0.9999999999999003,0.0,0.9999999999998739,0.0,0.9999999999998379,0.6150663077075865,0.38493369229231383,0,0.7782712373357249,0.22172876266414898,0,0.9999999999998379,0.0,0,0.7977791816810497,0.1577527744814052
INV_X8__1_0.png,0.02490234375,6240.0,24.0,372.79411764348964,0.00148773193359375,41.104156818968974,0.17567520753131535,0.824324792468663,0.5308384058039323,0.4691615941959728,-6,0.0,0.9999999999999771,0.0,0.9999999999999771,0.0,0.9999999999999771,0.0,0.9999999999998849,0.0,0.9999999999998582,0.0,0.9999999999998239,0.6535481122407105,0.3464518877591744,0,0.8050607057754446,0.19493929422441353,0,0.9999999999998239,0.0,0,0.8195362726719931,0.141808284103799
MUX2_X1__0_0.png,0.0228271484375,5720.0,22.0,341.7279411729014,0.0013637542724609375,106.96562063266997,0.21392721430788303,0.7860727856920943,0.5556757543921117,0.4443242456077843,-3,0.0,0.9999999999999772,0.0,0.9999999999999772,0.0,0.9999999999999772,0.0,0.999999999999883,0.0,0.9999999999998532,0.0,0.9999999999998143,0.6300667369159783,0.36993326308390473,-1,0.7900230485780657,0.20997695142178752,0,0.9999999999998143,0.0,0,0.8066965951646194,0.15148412491257765
MUX2_X2__0_0.png,0.02178955078125,5460.0,21.0,326.1948529376073,0.0013017654418945312,126.59983280919774,0.22964996457348832,0.7703500354264847,0.4322911551262692,0.5677088448736217,-4,0.0,0.9999999999999726,0.0,0.9999999999999726,0.0,0.9999999999999726,0.0,0.9999999999998551,0.0,0.9999999999998124,0.0,0.9999999999997492,0.5774307115018795,0.4225692884979757,0,0.748230611823315,0.2517693881764973,0,0.9999999999997492,0.0,0,0.7752204411083145,0.17356562459009373
MUX2_X2__1_0.png,0.01763916015625,4420.0,17.0,264.06249999643086,0.0010538101196289062,116.50420750741998,0.20951919546010753,0.7904808045398616,0.4539533005853639,0.5460466994145016,-3,0.0,0.9999999999999685,0.0,0.9999999999999685,0.0,0.9999999999999685,0.0,0.9999999999998253,0.0,0.9999999999997763,0.0,0.9999999999997065,0.5953250930959291,0.4046749069038961,0,0.7621648238504942,0.237835176149282,0,0.9999999999997065,0.0,0,0.7858299723153767,0.1660531531534284
NAND2_X4__0_0.png,0.0269775390625,6760.0,26.0,403.8602941140779,0.0016117095947265625,68.30282457959356,0.21962312910519607,0.7803768708947824,0.5228494505783158,0.4771505494215965,-4,0.0,0.9999999999999779,0.0,0.9999999999999779,0.0,0.9999999999999779,0.0,0.9999999999998992,0.0,0.9999999999998721,0.0,0.9999999999998348,0.6098856785692068,0.39011432143069236,0,0.7739158244849976,0.2260841755148745,0,0.9999999999998348,0.0,0,0.7946005010180132,0.15993371091127398
NAND2_X4__1_0.png,0.02178955078125,5460.0,21.0,326.1948529376073,0.0013017654418945312,82.70615364321127,0.1911963893656405,0.808803610634335,0.4869632402550235,0.5130367597448677,-4,0.0,0.9999999999999747,0.0,0.9999999999999747,0.0,0.9999999999999747,0.0,0.9999999999998644,0.0,0.9999999999998284,0.0,0.9999999999997791,0.613572881355849,0.3864271186440154,0,0.7766811987228766,0.22331880127695183,0,0.9999999999997791,0.0,0,0.7967513600261681,0.15839526094955747
NAND3_X2__0_0.png,0.02386474609375,5980.0,23.0,357.26102940819555,0.0014257431030273438,93.37440857136181,0.2482653058629929,0.7517346941369817,0.553539344245967,0.4464606557539338,-2,0.0,0.9999999999999744,0.0,0.9999999999999744,0.0,0.9999999999999744,0.0,0.9999999999998925,0.0,0.9999999999998631,0.0,0.9999999999998228,0.6062618901750227,0.39373810982486984,0,0.7721666278798105,0.2278333721200526,0,0.9999999999998228,0.0,0,0.7928095060182186,0.16140429795078665
NAND3_X4__0_0.png,0.01971435546875,4940.0,19.0,295.1286764670191,0.0011777877807617188,75.20038598787531,0.21213503927186686,0.7878649607281027,0.448574565372079,0.5514254346278004,-5,0.0,0.9999999999999682,0.0,0.9999999999999682,0.0,0.9999999999999682,0.0,0.9999999999998325,0.0,0.9999999999997901,0.0,0.9999999999997325,0.6263194933144622,0.3736805066853702,0,0.7851621576204031,0.2148378423793869,0,0.9999999999997325,0.0,0,0.8038272169781994,0.15312428198419442
NAND3_X4__1_0.png,0.02178955078125,5460.0,21.0,326.1948529376073,0.0013017654418945312,160.87996020224998,0.2510875990462254,0.7489124009537413,0.3980311569950182,0.6019688430048729,-8,0.0,0.9999999999999649,0.0,0.9999999999999649,0.0,0.9999999999999649,0.0,0.9999999999998266,0.0,0.9999999999997846,0.0,0.9999999999997287,0.639089789617802,0.3609102103820246,0,0.7940694767690729,0.2059305232307116,0,0.9999999999997287,0.0,0,0.8110530887955346,0.14782958048054448
NAND3_X4__2_0.png,0.01763916015625,4420.0,17.0,264.06249999643086,0.0010538101196289062,75.76363405036724,0.20321899230200002,0.796781007697969,0.47941160608342154,0.5205883939164437,-3,0.0,0.9999999999999682,0.0,0.9999999999999682,0.0,0.9999999999999682,0.0,0.9999999999998289,0.0,0.9999999999997832,0.0,0.9999999999997203,0.611814851586735,0.3881851484130939,0,0.7750910825813726,0.22490891741841065,0,0.9999999999997203,0.0,0,0.795635311389276,0.15914034972331076
NAND4_X2__0_0.png,0.01763916015625,4420.0,17.0,264.06249999643086,0.0010538101196289062,104.70665281615503,0.2044342579947039,0.7955657420052682,0.5963914545771527,0.4036085454227129,-2,0.0,0.9999999999999721,0.0,0.9999999999999721,0.0,0.9999999999999721,0.0,0.9999999999998529,0.0,0.9999999999998195,0.0,0.9999999999997766,0.6586313465782695,0.34136865342158335,0,0.8081256771396158,0.19187432286020373,0,0.9999999999997766,0.0,0,0.8222523412392206,0.13972070083715957
NAND4_X2__1_0.png,0.01763916015625,4420.0,17.0,264.06249999643086,0.0010538101196289062,112.70119499397134,0.19492976669657905,0.8050702333033933,0.6022514828313537,0.39774851716851184,-2,0.0,0.9999999999999722,0.0,0.9999999999999722,0.0,0.9999999999999722,0.0,0.9999999999998544,0.0,0.9999999999998213,0.0,0.9999999999997785,0.6570942012108965,0.342905798788958,0,0.8073284572326388,0.19267154276718243,0,0.9999999999997785,0.0,0,0.8214742194811046,0.14034760098401614
NAND4_X4__0_0.png,0.02593994140625,6500.0,25.0,388.3272058787838,0.0015497207641601562,4.895317790820853,0.2304393913340582,0.76956060866592,0.5782428770233119,0.42175712297659657,-1,0.0,0.999999999999978,0.0,0.999999999999978,0.0,0.999999999999978,0.0,0.9999999999999064,0.0,0.99999999999988,0.0,0.9999999999998428,0.5949248647940009,0.40507513520590555,0,0.7630419911912389,0.23695800880864104,0,0.9999999999998428,0.0,0,0.7859889519950275,0.1661653564938768
NAND4_X4__1_0.png,0.02490234375,6240.0,24.0,372.79411764348964,0.00148773193359375,10.26797032581397,0.21999523692102307,0.7800047630789558,0.6725432178636368,0.32745678213626805,0,0.0,0.9999999999999789,0.0,0.9999999999999789,0.0,0.9999999999999789,0.0,0.999999999999912,0.0,0.9999999999998896,0.0,0.9999999999998599,0.6280689090572428,0.37193109094266924,0,0.7873664694975736,0.2126335305023161,0,0.9999999999998599,0.0,0,0.805145126184892,0.152359759730373
NAND4_X4__2_0.png,0.02593994140625,6500.0,25.0,388.3272058787838,0.0015497207641601562,36.89933896847537,0.22709890582674455,0.7729010941732346,0.6354527586048695,0.36454724139503913,0,0.0,0.9999999999999791,0.0,0.9999999999999791,0.0,0.9999999999999791,0.0,0.9999999999999125,0.0,0.9999999999998891,0.0,0.9999999999998573,0.6137398430932497,0.38626015690666277,0,0.7773883725571971,0.22261162744269208,0,0.9999999999998573,0.0,0,0.7970427385501013,0.1583012903302151
NAND4_X4__3_0.png,0.02386474609375,5980.0,23.0,357.26102940819555,0.0014257431030273438,27.46297525756969,0.21859786215175314,0.7814021378482247,0.6355605077797928,0.3644394922201078,-1,0.0,0.9999999999999778,0.0,0.9999999999999778,0.0,0.9999999999999778,0.0,0.9999999999999029,0.0,0.999999999999878,0.0,0.9999999999998446,0.624541092830304,0.37545890716959895,0,0.7847980765709284,0.21520192342894967,0,0.9999999999998446,0.0,0,0.8031130564670256,0.15382658333262222
NAND4_X4__4_0.png,0.02593994140625,6500.0,25.0,388.3272058787838,0.0015497207641601562,95.10691456731543,0.2189578019863268,0.7810421980136512,0.5561570804363447,0.44384291956356375,-4,0.0,0.9999999999999776,0.0,0.9999999999999776,0.0,0.9999999999999776,0.0,0.9999999999998976,0.0,0.9999999999998714,0.0,0.9999999999998364,0.6256696542893085,0.37433034571058904,0,0.7853753873451217,0.21462461265474977,0,0.9999999999998364,0.0,0,0.8036816805447554,0.15336697212453976
NOR2_X4__0_0.png,0.0186767578125,4680.0,18.0,279.59558823172495,0.0011157989501953125,87.36949735282883,0.21203459496021437,0.7879654050397583,0.48832474390780833,0.5116752560920644,-1,0.0,0.9999999999999727,0.0,0.9999999999999727,0.0,0.9999999999999727,0.0,0.9999999999998552,0.0,0.9999999999998097,0.0,0.9999999999997412,0.5594032877108321,0.44059671228902303,0,0.7350791717416385,0.26492082825817126,0,0.9999999999997412,0.0,0,0.7648274864840706,0.1810986607579048
NOR2_X4__1_0.png,0.01556396484375,3900.0,15.0,232.99632352584257,0.0009298324584960938,55.16330081044359,0.16982384012905805,0.8301761598709159,0.6224999618022243,0.37750003819762296,0,0.0,0.9999999999999739,0.0,0.9999999999999739,0.0,0.9999999999999739,0.0,0.9999999999998491,0.0,0.9999999999998096,0.0,0.9999999999997556,0.617412695058915,0.3825873049409341,0,0.7791235788149119,0.22087642118489767,0,0.9999999999997556,0.0,0,0.7988454246245276,0.15681193593405154
NOR3_X2__0_0.png,0.01971435546875,4940.0,19.0,295.1286764670191,0.0011777877807617188,96.48994385633547,0.211748268934855,0.7882517310651183,0.46898251038742045,0.5310174896124589,-4,0.0,0.999999999999973,0.0,0.999999999999973,0.0,0.999999999999973,0.0,0.9999999999998469,0.0,0.9999999999998025,0.0,0.9999999999997432,0.5960287205865681,0.40397127941327887,-1,0.7692094916324326,0.2307905083673699,0,0.9999999999997432,0.0,0,0.7884127374062481,0.16547864340324317
NOR4_X2__0_0.png,0.0145263671875,3640.0,14.0,217.46323529054845,0.0008678436279296875,6.060333199270469,0.23545953736849015,0.7645404626314707,0.43722101407798736,0.5627789859218492,-3,0.0,0.9999999999999607,0.0,0.9999999999999607,0.0,0.9999999999999607,0.0,0.9999999999997827,0.0,0.999999999999718,0.0,0.9999999999996292,0.5861986524667276,0.41380134753305503,-1,0.7607107601182456,0.23928923988147252,-1,0.9999999999996292,0.0,0,0.7823031375282007,0.1696222506565137
NOR4_X2__1_0.png,0.01556396484375,3900.0,15.0,232.99632352584257,0.0009298324584960938,62.93159885169683,0.18905777091798637,0.8109422290819834,0.5700926038746543,0.42990739612519346,-1,0.0,0.9999999999999696,0.0,0.9999999999999696,0.0,0.9999999999999696,0.0,0.9999999999998368,0.0,0.999999999999794,0.0,0.9999999999997355,0.6171602076462475,0.3828397923535893,0,0.7788467481096849,0.22115325189010918,0,0.9999999999997355,0.0,0,0.7986689852518895,0.15692093012364922
OAI211_X2__0_0.png,0.02386474609375,5980.0,23.0,357.26102940819555,0.0014257431030273438,79.13958686951068,0.22535778195885967,0.7746422180411173,0.556699391867666,0.44330060813223465,-2,0.0,0.9999999999999769,0.0,0.9999999999999769,0.0,0.9999999999999769,0.0,0.9999999999998929,0.0,0.9999999999998636,0.0,0.9999999999998233,0.6060645023035888,0.3939354976963041,0,0.7718043881671254,0.22819561183273823,0,0.9999999999998233,0.0,0,0.7926229634901792,0.16149582841909826
OAI211_X2__1_0.png,0.0186767578125,4680.0,18.0,279.59558823172495,0.0011157989501953125,63.441461754528724,0.19132100270439492,0.8086789972955806,0.6110595799290212,0.38894042007085183,0,0.0,0.9999999999999756,0.0,0.9999999999999756,0.0,0.9999999999999756,0.0,0.9999999999998738,0.0,0.9999999999998401,0.0,0.9999999999997937,0.6116946071499935,0.3883053928498803,0,0.7750355880422938,0.22496441195754627,0,0.9999999999997937,0.0,0,0.7955767317306938,0.15918903535750623
OAI211_X4__0_0.png,0.0228271484375,5720.0,22.0,341.7279411729014,0.0013637542724609375,145.45398136161427,0.26058590778912316,0.7394140922108494,0.5099831883937123,0.490016811606184,-3,0.0,0.9999999999999725,0.0,0.9999999999999725,0.0,0.9999999999999725,0.0,0.9999999999998797,0.0,0.999999999999846,0.0,0.999999999999799,0.5990898255498249,0.40091017445005467,0,0.7666153135108972,0.2333846864889488,0,0.999999999999799,0.0,0,0.7885683796868405,0.16440538277941952
OAI211_X4__1_0.png,0.020751953125,5200.0,20.0,310.6617647023132,0.001239776611328125,54.513458110074005,0.22326584765068,0.7767341523492942,0.6251325859098957,0.3748674140899902,-1,0.0,0.9999999999999742,0.0,0.9999999999999742,0.0,0.9999999999999742,0.0,0.999999999999886,0.0,0.9999999999998576,0.0,0.9999999999998197,0.6324133211678111,0.36758667883207485,0,0.7902124809393068,0.20978751906055068,0,0.9999999999998197,0.0,0,0.8075419340356459,0.150566096387711
OAI211_X4__2_0.png,0.01763916015625,4420.0,17.0,264.06249999643086,0.0010538101196289062,53.132785585423875,0.21213269489130948,0.7878673051086618,0.6078177826267686,0.3921822173730968,-1,0.0,0.9999999999999712,0.0,0.9999999999999712,0.0,0.9999999999999712,0.0,0.9999999999998614,0.0,0.9999999999998265,0.0,0.9999999999997797,0.6291172230230913,0.37088277697677013,0,0.7877178365616907,0.21228216343813577,0,0.9999999999997797,0.0,0,0.8056116865281872,0.15194001220756528
OAI211_X4__3_0.png,0.0166015625,4160.0,16.0,248.5294117611367,0.0009918212890625,6.799329242116619,0.18783892429139024,0.8121610757085828,0.648426205573673,0.3515737944261839,0,0.0,0.999999999999973,0.0,0.999999999999973,0.0,0.999999999999973,0.0,0.9999999999998619,0.0,0.9999999999998271,0.0,0.9999999999997804,0.6290079710444377,0.3709920289554242,0,0.7871244338414434,0.21287556615838385,0,0.9999999999997804,0.0,0,0.8053774682952204,0.15200581422471648
OAI211_X4__4_0.png,0.01556396484375,3900.0,15.0,232.99632352584257,0.0009298324584960938,11.749760117029547,0.17853381803062512,0.8214661819693475,0.6775869687779912,0.3224130312218565,0,0.0,0.9999999999999726,0.0,0.9999999999999726,0.0,0.9999999999999726,0.0,0.999999999999857,0.0,0.9999999999998226,0.0,0.999999999999777,0.6410659876692404,0.35893401233061656,0,0.7952690232820849,0.20473097671773768,0,0.999999999999777,0.0,0,0.8121116703170341,0.14701737396485345
OAI21_X2__0_0.png,0.02386474609375,5980.0,23.0,357.26102940819555,0.0014257431030273438,107.33664640878669,0.22363205499533345,0.7763679450046428,0.5104185324496477,0.4895814675502528,-4,0.0,0.9999999999999759,0.0,0.9999999999999759,0.0,0.9999999999999759,0.0,0.9999999999998819,0.0,0.9999999999998501,0.0,0.9999999999998066,0.6108216053977323,0.38917839460214954,0,0.7748182567637301,0.22518174323612006,0,0.9999999999998066,0.0,0,0.7952132873870896,0.15953458070662463
OAI21_X4__0_0.png,0.02490234375,6240.0,24.0,372.79411764348964,0.00148773193359375,75.57089158671059,0.2300962604282077,0.7699037395717689,0.534671151397627,0.46532884860227797,-3,0.0,0.9999999999999764,0.0,0.9999999999999764,0.0,0.9999999999999764,0.0,0.9999999999998924,0.0,0.999999999999864,0.0,0.9999999999998248,0.6140124373291359,0.38598756267075657,0,0.776673924877412,0.22332607512245192,0,0.9999999999998248,0.0,0,0.796895454068791,0.15822617212130885
OAI21_X4__1_0.png,0.0186767578125,4680.0,18.0,279.59558823172495,0.0011157989501953125,27.4053448530528,0.18753956031358712,0.8124604396863879,0.597812065258556,0.40218793474131753,-1,0.0,0.9999999999999749,0.0,0.9999999999999749,0.0,0.9999999999999749,0.0,0.9999999999998688,0.0,0.9999999999998359,0.0,0.9999999999997917,0.6302583897903694,0.3697416102094993,0,0.7880713159967185,0.21192868400311732,0,0.9999999999997917,0.0,0,0.8061099019289598,0.15148433916171056
OAI21_X4__2_0.png,0.0166015625,4160.0,16.0,248.5294117611367,0.0009918212890625,38.968312069567,0.19015660595514206,0.8098433940448293,0.53863811343344,0.46136188656641747,-1,0.0,0.9999999999999711,0.0,0.9999999999999711,0.0,0.9999999999999711,0.0,0.9999999999998426,0.0,0.9999999999997995,0.0,0.9999999999997389,0.6030273437499051,0.3969726562499375,0,0.7680040120359543,0.23199598796384516,0,0.9999999999997389,0.0,0,0.7903437852618661,0.1628314497741986
OAI221_X2__0_0.png,0.0186767578125,4680.0,18.0,279.59558823172495,0.0011157989501953125,52.682212444612496,0.21275925573845247,0.7872407442615191,0.5858675752643682,0.4141324247355047,-2,0.0,0.9999999999999714,0.0,0.9999999999999714,0.0,0.9999999999999714,0.0,0.9999999999998612,0.0,0.9999999999998282,0.0,0.9999999999997845,0.643953481917255,0.35604651808260623,0,0.7970934826672627,0.20290651733256557,0,0.9999999999997845,0.0,0,0.8136823215281007,0.14582791900212705
OAI221_X2__1_0.png,0.0186767578125,4680.0,18.0,279.59558823172495,0.0011157989501953125,142.7808167187305,0.21348992691310187,0.7865100730868703,0.558845506009225,0.44115449399064843,-4,0.0,0.999999999999972,0.0,0.999999999999972,0.0,0.999999999999972,0.0,0.9999999999998501,0.0,0.9999999999998176,0.0,0.9999999999997766,0.6710753220266812,0.3289246779731689,0,0.8165380334627299,0.1834619665370877,0,0.9999999999997766,0.0,0,0.8292044518297293,0.13458130023796527
OAI221_X4__0_0.png,0.02178955078125,5460.0,21.0,326.1948529376073,0.0013017654418945312,41.15323995396503,0.2106375524917094,0.7893624475082676,0.6031590627242996,0.3968409372755916,0,0.0,0.9999999999999769,0.0,0.9999999999999769,0.0,0.9999999999999769,0.0,0.9999999999998906,0.0,0.9999999999998616,0.0,0.9999999999998214,0.6124994529300394,0.38750054706985126,0,0.7752281508356379,0.22477184916422363,0,0.9999999999998214,0.0,0,0.7959092012551663,0.15887090751023064
OAI221_X4__1_0.png,0.02490234375,6240.0,24.0,372.79411764348964,0.00148773193359375,74.46320712410493,0.21639429820268963,0.7836057017972886,0.6164772456629466,0.3835227543369582,-2,0.0,0.999999999999978,0.0,0.999999999999978,0.0,0.999999999999978,0.0,0.9999999999999017,0.0,0.999999999999878,0.0,0.9999999999998468,0.6411637507371102,0.35883624926279156,0,0.7962696223235766,0.2037303776763014,0,0.9999999999998468,0.0,0,0.8124777910201778,0.14694192048926524
OAI221_X4__2_0.png,0.02593994140625,6500.0,25.0,388.3272058787838,0.0015497207641601562,46.40210726346725,0.2180657008773675,0.781934299122612,0.6675475252141339,0.33245247478577467,-1,0.0,0.9999999999999795,0.0,0.9999999999999795,0.0,0.9999999999999795,0.0,0.9999999999999126,0.0,0.9999999999998915,0.0,0.9999999999998641,0.642661215647165,0.3573387843527476,0,0.798056061789378,0.20194393821051354,0,0.9999999999998641,0.0,0,0.8135724258121358,0.1462949528977475
OAI222_X1__0_0.png,0.02178955078125,5460.0,21.0,326.1948529376073,0.0013017654418945312,78.104455211844,0.1959768956481198,0.804023104351857,0.570454891884179,0.4295451081157122,-2,0.0,0.9999999999999765,0.0,0.9999999999999765,0.0,0.9999999999999765,0.0,0.999999999999883,0.0,0.9999999999998522,0.0,0.9999999999998108,0.6184524645414247,0.3815475354584584,0,0.7809433739211519,0.21905662607870036,0,0.9999999999998108,0.0,0,0.7997986128207958,0.1563356868601751
OAI222_X2__0_0.png,0.02386474609375,5980.0,23.0,357.26102940819555,0.0014257431030273438,78.53328602629999,0.20545949344475184,0.7945405065552249,0.5355957467951371,0.4644042532047636,-4,0.0,0.9999999999999761,0.0,0.9999999999999761,0.0,0.9999999999999761,0.0,0.999999999999885,0.0,0.9999999999998557,0.0,0.9999999999998164,0.6264140954966884,0.3735859045031966,0,0.7859277762535505,0.21407222374630522,0,0.9999999999998164,0.0,0,0.8041139572500183,0.15305698262473422
OAI222_X2__1_0.png,0.01971435546875,4940.0,19.0,295.1286764670191,0.0011777877807617188,95.20714779073346,0.1862976267084101,0.8137023732915659,0.574654305657624,0.42534569434225544,-2,0.0,0.9999999999999757,0.0,0.9999999999999757,0.0,0.9999999999999757,0.0,0.9999999999998705,0.0,0.999999999999837,0.0,0.9999999999997914,0.6207807683339869,0.3792192316658836,0,0.7814772541984704,0.21852274580136663,0,0.9999999999997914,0.0,0,0.8007526741774162,0.155414419703845
OAI222_X2__2_0.png,0.01763916015625,4420.0,17.0,264.06249999643086,0.0010538101196289062,51.12154160598009,0.19134465890070618,0.808655341099268,0.5847796523447758,0.4152203476550896,0,0.0,0.9999999999999741,0.0,0.9999999999999741,0.0,0.9999999999999741,0.0,0.9999999999998626,0.0,0.9999999999998246,0.0,0.9999999999997713,0.6008246289169048,0.3991753710829578,0,0.7668666456161164,0.2331333543837082,0,0.9999999999997713,0.0,0,0.7892304248442642,0.1637281246168172
OAI222_X4__0_0.png,0.020751953125,5200.0,20.0,310.6617647023132,0.001239776611328125,68.36464616677443,0.21695761873476835,0.7830423812652061,0.5388934083434881,0.46110659165639734,-3,0.0,0.9999999999999742,0.0,0.9999999999999742,0.0,0.9999999999999742,0.0,0.9999999999998684,0.0,0.9999999999998345,0.0,0.9999999999997885,0.6220064213905176,0.3779935786093508,0,0.7828621586259282,0.21713784137390618,0,0.9999999999997885,0.0,0,0.8016228600054115,0.15488438549371455
OAI222_X4__1_0.png,0.020751953125,5200.0,20.0,310.6617647023132,0.001239776611328125,49.438020376397425,0.18956212547830054,0.8104378745216769,0.6656227579687436,0.33437724203114255,-1,0.0,0.9999999999999772,0.0,0.9999999999999772,0.0,0.9999999999999772,0.0,0.9999999999998904,0.0,0.9999999999998647,0.0,0.9999999999998311,0.6490716587386123,0.3509283412612781,0,0.8017220372023933,0.19827796279747134,0,0.9999999999998311,0.0,0,0.816931231980279,0.14366898268689585
OAI222_X4__2_0.png,0.0228271484375,5720.0,22.0,341.7279411729014,0.0013637542724609375,41.303258643728334,0.20653557188482277,0.7934644281151549,0.6632403023506247,0.33675969764927144,-1,0.0,0.9999999999999776,0.0,0.9999999999999776,0.0,0.9999999999999776,0.0,0.9999999999999003,0.0,0.9999999999998762,0.0,0.9999999999998449,0.6427631054016754,0.357236894598225,0,0.7980237007317263,0.2019762992681499,0,0.9999999999998449,0.0,0,0.8135956020444155,0.1462564250404178
OAI22_X2__0_0.png,0.02386474609375,5980.0,23.0,357.26102940819555,0.0014257431030273438,75.57772911350304,0.20540399282034588,0.7945960071796312,0.5328796611345906,0.46712033886531024,-4,0.0,0.9999999999999765,0.0,0.9999999999999765,0.0,0.9999999999999765,0.0,0.9999999999998845,0.0,0.9999999999998553,0.0,0.9999999999998164,0.6288589518439055,0.3711410481559789,0,0.7875135643491591,0.2124864356506963,0,0.9999999999998164,0.0,0,0.8054575053976271,0.15204803664594557
OAI22_X2__1_0.png,0.01763916015625,4420.0,17.0,264.06249999643086,0.0010538101196289062,119.43656847255048,0.18246068719888853,0.8175393128010849,0.5688288264034878,0.4311711735963777,-3,0.0,0.9999999999999731,0.0,0.9999999999999731,0.0,0.9999999999999731,0.0,0.9999999999998466,0.0,0.999999999999811,0.0,0.9999999999997652,0.6533697604100114,0.34663023958983524,0,0.8044788812244535,0.19552111877535755,0,0.9999999999997652,0.0,0,0.8192828805447433,0.14189784951722345
OAI22_X4__0_0.png,0.01971435546875,4940.0,19.0,295.1286764670191,0.0011777877807617188,38.511045955276224,0.19476303881315188,0.8052369611868245,0.5859693755099379,0.41403062448994216,0,0.0,0.9999999999999765,0.0,0.9999999999999765,0.0,0.9999999999999765,0.0,0.9999999999998783,0.0,0.9999999999998448,0.0,0.9999999999997979,0.6023937951271047,0.39760620487277365,0,0.7680628434811115,0.23193715651873323,0,0.9999999999997979,0.0,0,0.7901522128693381,0.16307182204638884
OAI22_X4__1_0.png,0.01763916015625,4420.0,17.0,264.06249999643086,0.0010538101196289062,75.34307643274389,0.1835153749392803,0.8164846250606947,0.60748191377772,0.39251808622214557,-1,0.0,0.999999999999975,0.0,0.999999999999975,0.0,0.999999999999975,0.0,0.9999999999998611,0.0,0.9999999999998266,0.0,0.9999999999997805,0.6328642671592604,0.3671357328406008,0,0.7901281673284674,0.20987183267135923,0,0.9999999999997805,0.0,0,0.8076641448291695,0.15039457982756624
OAI22_X4__2_0.png,0.0166015625,4160.0,16.0,248.5294117611367,0.0009918212890625,54.586166289873795,0.20262844892144893,0.7973715510785216,0.5543961241864871,0.44560387581336963,-1,0.0,0.9999999999999706,0.0,0.9999999999999706,0.0,0.9999999999999706,0.0,0.9999999999998431,0.0,0.9999999999998009,0.0,0.9999999999997424,0.6088920962629649,0.3911079037368782,0,0.7727164131558548,0.22728358684394617,0,0.9999999999997424,0.0,0,0.7938695031395208,0.1603681971864266
OAI22_X4__3_0.png,0.0166015625,4160.0,16.0,248.5294117611367,0.0009918212890625,5.7466593594951245,0.18876472119200477,0.8112352788079681,0.6410612525413589,0.3589387474584979,0,0.0,0.9999999999999729,0.0,0.9999999999999729,0.0,0.9999999999999729,0.0,0.999999999999861,0.0,0.9999999999998257,0.0,0.9999999999997777,0.6253718893367683,0.37462811066309265,0,0.7844412667409346,0.215558733258891,0,0.9999999999997777,0.0,0,0.8032710520258268,0.15351976188782204
OAI22_X4__4_0.png,0.01556396484375,3900.0,15.0,232.99632352584257,0.0009298324584960938,22.479574421454323,0.18979443491407583,0.810205565085895,0.5992339620337241,0.4007660379661233,-1,0.0,0.9999999999999709,0.0,0.9999999999999709,0.0,0.9999999999999709,0.0,0.9999999999998407,0.0,0.9999999999998006,0.0,0.9999999999997471,0.6300074923083276,0.369992507691513,0,0.7883387856058429,0.21166121439395763,0,0.9999999999997471,0.0,0,0.8061154259713058,0.15157093090686072
OAI33_X1__0_0.png,0.02178955078125,5460.0,21.0,326.1948529376073,0.0013017654418945312,39.83720840503525,0.21059239326119003,0.7894076067387863,0.5616008712223728,0.4383991287775183,-2,0.0,0.9999999999999761,0.0,0.9999999999999761,0.0,0.9999999999999761,0.0,0.9999999999998826,0.0,0.99999999999985,0.0,0.9999999999998077,0.6104954214603651,0.3895045785395176,-1,0.7802718842840111,0.21972811571583897,0,0.9999999999998077,0.0,0,0.7969224352480614,0.15944985588234742
OR2_X4__0_0.png,0.0269775390625,6760.0,26.0,403.8602941140779,0.0016117095947265625,85.99632627699091,0.21467429083977543,0.7853257091602022,0.44473917664311735,0.5552608233567948,-8,0.0,0.9999999999999767,0.0,0.9999999999999767,0.0,0.9999999999999767,0.0,0.9999999999998788,0.0,0.9999999999998468,0.0,0.9999999999998053,0.622799461315334,0.37720053868454473,-1,0.7869779849143334,0.21302201508551344,-1,0.9999999999998053,0.0,0,0.8032591487431576,0.15442121792396185
OR2_X4__1_0.png,0.02386474609375,5980.0,23.0,357.26102940819555,0.0014257431030273438,101.47856018170155,0.20110052968136324,0.7988994703186139,0.4860977089819757,0.5139022910179248,-4,0.0,0.9999999999999765,0.0,0.9999999999999765,0.0,0.9999999999999765,0.0,0.9999999999998798,0.0,0.9999999999998453,0.0,0.9999999999997972,0.592995837443686,0.4070041625561937,0,0.7622516044226766,0.23774839557716884,0,0.9999999999997972,0.0,0,0.7850824806220532,0.1669411748002347
OR3_X4__0_0.png,0.020751953125,5200.0,20.0,310.6617647023132,0.001239776611328125,35.17013906512166,0.21686170754044426,0.7831382924595303,0.43862473737091917,0.5613752626289668,-3,0.0,0.9999999999999745,0.0,0.9999999999999745,0.0,0.9999999999999745,0.0,0.9999999999998533,0.0,0.9999999999998087,0.0,0.9999999999997433,0.5711834579849581,0.42881654201489533,0,0.7452927669344154,0.2547072330653933,0,0.9999999999997433,0.0,0,0.7721587416397057,0.17609134395540002
OR3_X4__1_0.png,0.02490234375,6240.0,24.0,372.79411764348964,0.00148773193359375,65.53342803672521,0.20912716760507544,0.7908728323949029,0.5752186255643706,0.42478137443553404,-2,0.0,0.999999999999978,0.0,0.999999999999978,0.0,0.999999999999978,0.0,0.9999999999998995,0.0,0.9999999999998727,0.0,0.9999999999998359,0.6118617336533887,0.3881382663465109,0,0.7755452843881514,0.2244547156117213,0,0.9999999999998359,0.0,0,0.7958023393471253,0.15910288004373055
OR4_X2__0_0.png,0.02593994140625,6500.0,25.0,388.3272058787838,0.0015497207641601562,145.7487078540496,0.2300501041651714,0.7699498958348048,0.4674270372940363,0.5325729627058724,-8,0.0,0.9999999999999755,0.0,0.9999999999999755,0.0,0.9999999999999755,0.0,0.9999999999998773,0.0,0.9999999999998465,0.0,0.9999999999998074,0.6368891288872834,0.3631108711125938,-1,0.7968644432158963,0.20313555678395015,-1,0.9999999999998074,0.0,0,0.8112511907009957,0.14858804361370848
OR4_X4__0_0.png,0.01763916015625,4420.0,17.0,264.06249999643086,0.0010538101196289062,84.70551186187564,0.2556717260018161,0.744328273998149,0.44367908694186725,0.5563209130579985,-3,0.0,0.999999999999965,0.0,0.999999999999965,0.0,0.999999999999965,0.0,0.9999999999998281,0.0,0.9999999999997765,0.0,0.9999999999997019,0.5766611638463722,0.4233388361534559,0,0.7494803656436204,0.25051963435615615,0,0.9999999999997019,0.0,0,0.7753805098298981,0.17379500501177894
OR4_X4__1_0.png,0.01971435546875,4940.0,19.0,295.1286764670191,0.0011777877807617188,21.2412835919515,0.22102679726066826,0.7789732027393036,0.5777764444710413,0.4222235555288388,-2,0.0,0.9999999999999716,0.0,0.9999999999999716,0.0,0.9999999999999716,0.0,0.9999999999998732,0.0,0.999999999999839,0.0,0.9999999999997952,0.6188380616605219,0.3811619383393513,-1,0.7855751428800153,0.21442485711982381,0,0.9999999999997952,0.0,0,0.8014710681801108,0.15601413641183853
OR4_X4__2_0.png,0.0228271484375,5720.0,22.0,341.7279411729014,0.0013637542724609375,39.42728746925165,0.20934203622283265,0.7906579637771447,0.6327630896837084,0.36723691031618794,-1,0.0,0.9999999999999772,0.0,0.9999999999999772,0.0,0.9999999999999772,0.0,0.9999999999998982,0.0,0.9999999999998724,0.0,0.999999999999838,0.6290028426167736,0.37099715738312455,0,0.7880319624210784,0.211968037578794,0,0.999999999999838,0.0,0,0.8056782683458966,0.15197207370911445
SDFFRS_X1__0_0.png,0.01971435546875,4940.0,19.0,295.1286764670191,0.0011777877807617188,58.83173539344029,0.2171241455914695,0.7828758544085042,0.5442355042726134,0.455764495727266,0,0.0,0.9999999999999737,0.0,0.9999999999999737,0.0,0.9999999999999737,0.0,0.9999999999998722,0.0,0.9999999999998344,0.0,0.9999999999997791,0.5782573695709768,0.4217426304288954,0,0.7498632996966497,0.2501367003031847,0,0.9999999999997791,0.0,0,0.7760402230891351,0.17316780891950512
SDFFRS_X1__1_0.png,0.01971435546875,4940.0,19.0,295.1286764670191,0.0011777877807617188,50.776157020575084,0.22686402144919698,0.7731359785507753,0.6054886437690853,0.39451135623079403,-1,0.0,0.9999999999999722,0.0,0.9999999999999722,0.0,0.9999999999999722,0.0,0.9999999999998751,0.0,0.9999999999998438,0.0,0.9999999999998014,0.6292699388802694,0.3707300611196057,0,0.7866562499998772,0.21334374999996666,0,0.9999999999998014,0.0,0,0.8053087296266493,0.1519235132154628
SDFFRS_X1__2_0.png,0.01556396484375,3900.0,15.0,232.99632352584257,0.0009298324584960938,40.98830542028133,0.20124359168019898,0.7987564083197701,0.6263474152560852,0.37365258474376195,0,0.0,0.9999999999999691,0.0,0.9999999999999691,0.0,0.9999999999999691,0.0,0.9999999999998467,0.0,0.9999999999998084,0.0,0.9999999999997566,0.6303484037248009,0.36965159627504574,0,0.7877602668812478,0.21223973311856048,0,0.9999999999997566,0.0,0,0.8060362235352684,0.15146195033928586
SDFFRS_X1__3_0.png,0.01348876953125,3380.0,13.0,201.93014705525434,0.0008058547973632812,127.68603912010681,0.19000728782194237,0.809992712178024,0.5107071275360402,0.48929287246378406,-1,0.0,0.9999999999999664,0.0,0.9999999999999664,0.0,0.9999999999999664,0.0,0.9999999999997919,0.0,0.9999999999997367,0.0,0.9999999999996593,0.6107330877914537,0.3892669122083382,0,0.7731415626150432,0.22685843738469344,0,0.9999999999996593,0.0,0,0.7946248834687187,0.15964195781227478
SDFFRS_X1__4_0.png,0.0145263671875,3640.0,14.0,217.46323529054845,0.0008678436279296875,81.57297428566206,0.1963448322328461,0.8036551677671202,0.5465407057515084,0.45345929424832826,-1,0.0,0.9999999999999659,0.0,0.9999999999999659,0.0,0.9999999999999659,0.0,0.9999999999998164,0.0,0.9999999999997689,0.0,0.9999999999997033,0.6187267018013077,0.3812732981985087,0,0.7790340107741373,0.22096598922563157,0,0.9999999999997033,0.0,0,0.7992535708583827,0.15630942589891156
SDFFRS_X1__5_0.png,0.0145263671875,3640.0,14.0,217.46323529054845,0.0008678436279296875,41.84043974560741,0.18267769762703875,0.8173223023729308,0.5740211372285444,0.42597886277129227,-1,0.0,0.9999999999999695,0.0,0.9999999999999695,0.0,0.9999999999999695,0.0,0.9999999999998219,0.0,0.9999999999997775,0.0,0.9999999999997179,0.6309678568247474,0.36903214317507455,0,0.7886044958823084,0.2113955041174691,0,0.9999999999997179,0.0,0,0.8065241175689245,0.15118865765464806
SDFFRS_X1__6_0.png,0.012451171875,3120.0,12.0,186.39705881996022,0.000743865966796875,102.77867914194297,0.16730577721446413,0.8326942227855035,0.5365904722025587,0.46340952779725103,-1,0.0,0.9999999999999676,0.0,0.9999999999999676,0.0,0.9999999999999676,0.0,0.9999999999997786,0.0,0.9999999999997236,0.0,0.9999999999996492,0.6313108945968487,0.3686891054029299,0,0.7883312595048284,0.21166874049489517,0,0.9999999999996492,0.0,0,0.8065473847004422,0.15106683846019067
SDFFRS_X1__7_0.png,0.01348876953125,3380.0,13.0,201.93014705525434,0.0008058547973632812,66.3230818783103,0.19908457150904163,0.8009154284909231,0.5180422841195192,0.48195771588030417,-1,0.0,0.9999999999999647,0.0,0.9999999999999647,0.0,0.9999999999999647,0.0,0.9999999999997948,0.0,0.9999999999997389,0.0,0.9999999999996595,0.6027045883607071,0.3972954116390878,0,0.7671672978971485,0.23283270210259038,0,0.9999999999996595,0.0,0,0.7899572954191717,0.16299376065283713
SDFFRS_X1__8_0.png,0.01556396484375,3900.0,15.0,232.99632352584257,0.0009298324584960938,22.82633559844546,0.19021629859287348,0.8097837014070973,0.6329726172071338,0.3670273827927132,0,0.0,0.9999999999999708,0.0,0.9999999999999708,0.0,0.9999999999999708,0.0,0.9999999999998473,0.0,0.9999999999998095,0.0,0.9999999999997585,0.6320907370091238,0.36790926299072363,0,0.7891557080234822,0.21084429197632729,0,0.9999999999997585,0.0,0,0.8070821483441214,0.15073226682986646
SDFFRS_X2__0_0.png,0.0228271484375,5720.0,22.0,341.7279411729014,0.0013637542724609375,79.41344608476572,0.24048651594555648,0.7595134840544177,0.4582190566568511,0.5417809433430447,-2,0.0,0.9999999999999739,0.0,0.9999999999999739,0.0,0.9999999999999739,0.0,0.9999999999998764,0.0,0.9999999999998357,0.0,0.9999999999997733,0.5449679859582526,0.45503201404162386,0,0.7245164576930103,0.2754835423068254,0,0.9999999999997733,0.0,0,0.7564948145503454,0.18713719553871339
SDFFRS_X2__1_0.png,0.0166015625,4160.0,16.0,248.5294117611367,0.0009918212890625,19.21657607759844,0.21250843081542503,0.7874915691845444,0.5352287302265163,0.4647712697733412,0,0.0,0.9999999999999695,0.0,0.9999999999999695,0.0,0.9999999999999695,0.0,0.999999999999847,0.0,0.9999999999998024,0.0,0.9999999999997375,0.582991552399519,0.41700844760032796,0,0.7529251324213865,0.24707486757841587,0,0.9999999999997375,0.0,0,0.7786388949402143,0.17121119420108422
SDFFRS_X2__2_0.png,0.01556396484375,3900.0,15.0,232.99632352584257,0.0009298324584960938,23.88843528866519,0.2040686730319939,0.7959313269679736,0.5171100917430402,0.48288990825680694,-2,0.0,0.9999999999999674,0.0,0.9999999999999674,0.0,0.9999999999999674,0.0,0.9999999999998159,0.0,0.999999999999769,0.0,0.9999999999997055,0.6250506464325344,0.37494935356728154,0,0.7841728280959371,0.21582717190383185,0,0.9999999999997055,0.0,0,0.8030744915093924,0.1536548276602605
SDFFRS_X2__3_0.png,0.01556396484375,3900.0,15.0,232.99632352584257,0.0009298324584960938,83.05703786295689,0.2094852031221003,0.7905147968778672,0.5528466483011092,0.4471533516987378,-1,0.0,0.9999999999999674,0.0,0.9999999999999674,0.0,0.9999999999999674,0.0,0.9999999999998277,0.0,0.9999999999997837,0.0,0.9999999999997237,0.6235438064381638,0.376456193561664,0,0.78279211647864,0.21720788352114376,0,0.9999999999997237,0.0,0,0.8021119743055092,0.1542935710424611
SDFFRS_X2__4_0.png,0.0145263671875,3640.0,14.0,217.46323529054845,0.0008678436279296875,124.2453099713247,0.2067855272910179,0.7932144727089481,0.5329553623945277,0.46704463760530895,-1,0.0,0.9999999999999659,0.0,0.9999999999999659,0.0,0.9999999999999659,0.0,0.9999999999998156,0.0,0.9999999999997656,0.0,0.9999999999996961,0.606840444960871,0.3931595550389446,0,0.7710608972854599,0.22893910271430573,0,0.9999999999996961,0.0,0,0.7926337807486757,0.16122996186662467
SDFFRS_X2__5_0.png,0.01348876953125,3380.0,13.0,201.93014705525434,0.0008058547973632812,47.77027347892218,0.20810634846483284,0.7918936515351304,0.5342308439779272,0.46576915602189617,0,0.0,0.9999999999999631,0.0,0.9999999999999631,0.0,0.9999999999999631,0.0,0.9999999999998082,0.0,0.9999999999997521,0.0,0.9999999999996695,0.5807522548454077,0.4192477451544005,0,0.7503285151115091,0.24967148488824298,0,0.9999999999996695,0.0,0,0.7770269233188621,0.17219518325597466
SDFFRS_X2__6_0.png,0.012451171875,3120.0,12.0,186.39705881996022,0.000743865966796875,34.824362009921984,0.1791597768736173,0.8208402231263483,0.6169875164884404,0.3830124835113684,0,0.0,0.9999999999999657,0.0,0.9999999999999657,0.0,0.9999999999999657,0.0,0.9999999999998044,0.0,0.9999999999997562,0.0,0.9999999999996909,0.6331865766557806,0.3668134233440237,0,0.7892824040195158,0.21071759598024034,0,0.9999999999996909,0.0,0,0.8074896602249958,0.150303359954058
SDFFRS_X2__7_0.png,0.01348876953125,3380.0,13.0,201.93014705525434,0.0008058547973632812,51.50692774539824,0.17377093496184173,0.8262290650381275,0.6195755799582254,0.38042442004159804,0,0.0,0.9999999999999692,0.0,0.9999999999999692,0.0,0.9999999999999692,0.0,0.9999999999998199,0.0,0.9999999999997754,0.0,0.9999999999997157,0.6333423399080189,0.366657660091801,0,0.7899525938572447,0.21004740614253073,0,0.9999999999997157,0.0,0,0.8077649779216598,0.15021633443254037
SDFFRS_X2__8_0.png,0.01556396484375,3900.0,15.0,232.99632352584257,0.0009298324584960938,35.38720480062191,0.18482185589315078,0.8151781441068209,0.6382620925823033,0.3617379074175439,0,0.0,0.9999999999999717,0.0,0.9999999999999717,0.0,0.9999999999999717,0.0,0.9999999999998496,0.0,0.9999999999998119,0.0,0.9999999999997613,0.6303448068268094,0.36965519317304013,0,0.7879665863935905,0.2120334136062214,0,0.9999999999997613,0.0,0,0.8061037977400538,0.15145507427727606
SDFFRS_X2__9_0.png,0.01556396484375,3900.0,15.0,232.99632352584257,0.0009298324584960938,53.74653498790337,0.2036213914752194,0.7963786085247494,0.6028919493143692,0.39710805068547805,0,0.0,0.9999999999999688,0.0,0.9999999999999688,0.0,0.9999999999999688,0.0,0.9999999999998448,0.0,0.9999999999998039,0.0,0.9999999999997474,0.6147371690347675,0.38526283096507724,0,0.7763483035887868,0.22365169641101715,0,0.9999999999997474,0.0,0,0.797028490874434,0.1579612079814002
SDFFR_X1__0_0.png,0.0228271484375,5720.0,22.0,341.7279411729014,0.0013637542724609375,76.74445198703708,0.23148312713952837,0.7685168728604458,0.518215125840444,0.4817848741594519,-3,0.0,0.9999999999999738,0.0,0.9999999999999738,0.0,0.9999999999999738,0.0,0.9999999999998791,0.0,0.9999999999998462,0.0,0.9999999999998005,0.6061049499920658,0.39389505000781333,0,0.770841023747882,0.22915897625196427,0,0.9999999999998005,0.0,0,0.7923153245799162,0.1615223138399511
SDFFR_X1__1_0.png,0.01763916015625,4420.0,17.0,264.06249999643086,0.0010538101196289062,80.09215915598915,0.22985285998146385,0.7701471400185049,0.5708985929552565,0.4291014070446087,-2,0.0,0.9999999999999687,0.0,0.9999999999999687,0.0,0.9999999999999687,0.0,0.9999999999998511,0.0,0.9999999999998141,0.0,0.9999999999997645,0.6321760362076239,0.3678239637922273,0,0.7891831614160786,0.21081683858373557,0,0.9999999999997645,0.0,0,0.8071197325411558,0.1506981696919026
SDFFR_X1__2_0.png,0.0186767578125,4680.0,18.0,279.59558823172495,0.0011157989501953125,15.334457890980383,0.1923251874199315,0.8076748125800439,0.6966956697948634,0.3033043302050099,0,0.0,0.9999999999999754,0.0,0.9999999999999754,0.0,0.9999999999999754,0.0,0.9999999999998822,0.0,0.999999999999855,0.0,0.9999999999998203,0.6555734942313945,0.34442650576848766,0,0.8065357960969631,0.1934642039028919,0,0.9999999999998203,0.0,0,0.8207030967760592,0.14096793672170227
SDFFR_X1__3_0.png,0.0166015625,4160.0,16.0,248.5294117611367,0.0009918212890625,39.91028444292776,0.1918073340290724,0.8081926659709,0.6596647027010702,0.3403352972987874,0,0.0,0.9999999999999724,0.0,0.9999999999999724,0.0,0.9999999999999724,0.0,0.9999999999998624,0.0,0.9999999999998298,0.0,0.9999999999997873,0.6463176428511588,0.3536823571487037,0,0.7999387098420417,0.20006129015778812,0,0.9999999999997873,0.0,0,0.8154187842309959,0.14480452793764925
SDFFR_X1__4_0.png,0.01556396484375,3900.0,15.0,232.99632352584257,0.0009298324584960938,54.96450361555418,0.20254429240745284,0.7974557075925162,0.5668951588223626,0.4331048411774844,-1,0.0,0.9999999999999689,0.0,0.9999999999999689,0.0,0.9999999999999689,0.0,0.9999999999998314,0.0,0.9999999999997887,0.0,0.9999999999997308,0.6261658599111795,0.37383414008865196,0,0.7847223690049281,0.21527763099486055,0,0.9999999999997308,0.0,0,0.8036294096386127,0.15320160619932482
SDFFR_X1__5_0.png,0.012451171875,3120.0,12.0,186.39705881996022,0.000743865966796875,29.697798351564916,0.18006599385573824,0.8199340061442272,0.5844312293247061,0.41556877067510267,0,0.0,0.9999999999999655,0.0,0.9999999999999655,0.0,0.9999999999999655,0.0,0.9999999999997975,0.0,0.9999999999997454,0.0,0.9999999999996736,0.6204962025315199,0.3795037974682776,0,0.7802623201322348,0.21973767986751058,0,0.9999999999996736,0.0,0,0.8002528408878095,0.1555752738778384
SDFFR_X1__6_0.png,0.0145263671875,3640.0,14.0,217.46323529054845,0.0008678436279296875,49.954700900362205,0.19325300439744747,0.8067469956025207,0.6216839111458798,0.37831608885395673,-1,0.0,0.9999999999999682,0.0,0.9999999999999682,0.0,0.9999999999999682,0.0,0.9999999999998295,0.0,0.9999999999997902,0.0,0.9999999999997389,0.653249611821002,0.3467503881788273,0,0.8034121671246715,0.19658783287511877,0,0.9999999999997389,0.0,0,0.8188872596484709,0.14198255008272737
SDFFR_X2__0_0.png,0.02178955078125,5460.0,21.0,326.1948529376073,0.0013017654418945312,95.80990996127889,0.21325167447228785,0.7867483255276876,0.5184341590470125,0.4815658409528786,-2,0.0,0.9999999999999752,0.0,0.9999999999999752,0.0,0.9999999999999752,0.0,0.9999999999998751,0.0,0.9999999999998402,0.0,0.9999999999997915,0.5991276417581395,0.4008723582417356,0,0.7659662858511199,0.23403371414872032,0,0.9999999999997915,0.0,0,0.7883646425363503,0.16442004477801148
SDFFR_X2__1_0.png,0.0186767578125,4680.0,18.0,279.59558823172495,0.0011157989501953125,83.50494759788593,0.22644667830901394,0.773553321690957,0.5979934047184785,0.4020065952813942,-1,0.0,0.999999999999971,0.0,0.999999999999971,0.0,0.999999999999971,0.0,0.9999999999998666,0.0,0.9999999999998331,0.0,0.9999999999997881,0.6298249596111153,0.3701750403887512,0,0.7876177118812551,0.21238228811857807,0,0.9999999999997881,0.0,0,0.8058142238307195,0.15167009135408369
SDFFR_X2__2_0.png,0.01556396484375,3900.0,15.0,232.99632352584257,0.0009298324584960938,22.569103107722423,0.22535444650420208,0.7746455534957634,0.5746709519435913,0.4253290480562557,0,0.0,0.9999999999999655,0.0,0.9999999999999655,0.0,0.9999999999999655,0.0,0.9999999999998396,0.0,0.9999999999997957,0.0,0.9999999999997342,0.6034142506456908,0.39658574935414886,0,0.7685187077261033,0.2314812922736924,0,0.9999999999997342,0.0,0,0.7906443194571761,0.16265960606643695
SDFFR_X2__3_0.png,0.01556396484375,3900.0,15.0,232.99632352584257,0.0009298324584960938,14.317702757322833,0.1731069083657686,0.8268930916342049,0.6871047859938919,0.31289521400595577,0,0.0,0.9999999999999735,0.0,0.9999999999999735,0.0,0.9999999999999735,0.0,0.9999999999998553,0.0,0.9999999999998224,0.0,0.99999999999978,0.6577743681786965,0.34222563182115884,0,0.8075597099799532,0.19244029001986915,0,0.99999999999978,0.0,0,0.8217780260528098,0.14007430445492297
SDFFR_X2__4_0.png,0.01763916015625,4420.0,17.0,264.06249999643086,0.0010538101196289062,79.05656242908492,0.20767317599406787,0.7923268240059039,0.612398820186048,0.38760117981381736,-1,0.0,0.9999999999999718,0.0,0.9999999999999718,0.0,0.9999999999999718,0.0,0.9999999999998601,0.0,0.9999999999998263,0.0,0.9999999999997814,0.6398740818467101,0.36012591815315004,0,0.794783122480051,0.20521687751977527,0,0.9999999999997814,0.0,0,0.8115524014421808,0.14749819381737175
SDFFR_X2__5_0.png,0.01348876953125,3380.0,13.0,201.93014705525434,0.0008058547973632812,56.24468095620431,0.2014330129006825,0.7985669870992818,0.5725395927600798,0.4274604072397435,-1,0.0,0.9999999999999643,0.0,0.9999999999999643,0.0,0.9999999999999643,0.0,0.9999999999998035,0.0,0.9999999999997554,0.0,0.9999999999996912,0.6368605245565183,0.3631394754432852,0,0.7924648318040876,0.2075351681956679,0,0.9999999999996912,0.0,0,0.8097751187867658,0.14875551347284063
SDFFR_X2__6_0.png,0.01348876953125,3380.0,13.0,201.93014705525434,0.0008058547973632812,37.92905062870591,0.19561478487460002,0.8043852151253653,0.5026595274699142,0.49734047252990915,-1,0.0,0.9999999999999654,0.0,0.9999999999999654,0.0,0.9999999999999654,0.0,0.99999999999979,0.0,0.9999999999997315,0.0,0.9999999999996486,0.597995335056295,0.40200466494349496,0,0.7641783028999023,0.23582169709982928,0,0.9999999999996486,0.0,0,0.7873912126519486,0.1649364868536209
SDFFR_X2__7_0.png,0.01763916015625,4420.0,17.0,264.06249999643086,0.0010538101196289062,49.8373268239616,0.21614625322845277,0.7838537467715179,0.5528102602790655,0.44718973972079984,-2,0.0,0.9999999999999706,0.0,0.9999999999999706,0.0,0.9999999999999706,0.0,0.9999999999998487,0.0,0.99999999999981,0.0,0.9999999999997579,0.6247710726663602,0.37522892733348845,0,0.7841863292676804,0.21581367073212968,0,0.9999999999997579,0.0,0,0.8029858006445996,0.15376226687104078
SDFFS_X1__0_0.png,0.0228271484375,5720.0,22.0,341.7279411729014,0.0013637542724609375,52.2077255073625,0.21506589626871112,0.7849341037312662,0.6146450705691772,0.3853549294307187,-1,0.0,0.9999999999999772,0.0,0.9999999999999772,0.0,0.9999999999999772,0.0,0.9999999999998942,0.0,0.9999999999998673,0.0,0.9999999999998314,0.6274680019902151,0.37253199800967907,0,0.7867525054754382,0.21324749452442912,0,0.9999999999998314,0.0,0,0.8047401691551616,0.15261648975727865
SDFFS_X1__1_0.png,0.020751953125,5200.0,20.0,310.6617647023132,0.001239776611328125,11.82497569817221,0.22099523355576178,0.7790047664442128,0.6771895723758659,0.3228104276240198,0,0.0,0.9999999999999746,0.0,0.9999999999999746,0.0,0.9999999999999746,0.0,0.9999999999998914,0.0,0.9999999999998658,0.0,0.9999999999998324,0.6479003280397289,0.3520996719601625,0,0.8010932484520191,0.19890675154784657,0,0.9999999999998324,0.0,0,0.8163311921638602,0.14414735734663342
SDFFS_X1__2_0.png,0.0186767578125,4680.0,18.0,279.59558823172495,0.0011157989501953125,60.068272913041646,0.22545606501627638,0.7745439349836948,0.5395884332924649,0.4604115667074077,-1,0.0,0.9999999999999711,0.0,0.9999999999999711,0.0,0.9999999999999711,0.0,0.999999999999859,0.0,0.9999999999998185,0.0,0.9999999999997643,0.5982398488074414,0.4017601511924176,-1,0.7699862038918149,0.23001379610800357,-1,0.9999999999997643,0.0,0,0.7894086842330069,0.16459187774304565
SDFFS_X1__3_0.png,0.012451171875,3120.0,12.0,186.39705881996022,0.000743865966796875,15.663042765758325,0.17515831700968099,0.8248416829902855,0.5734548169131609,0.4265451830866477,0,0.0,0.9999999999999665,0.0,0.9999999999999665,0.0,0.9999999999999665,0.0,0.9999999999997952,0.0,0.9999999999997413,0.0,0.9999999999996664,0.61407677495993,0.38592322503986526,0,0.7757880026911714,0.22421199730856992,0,0.9999999999996664,0.0,0,0.796621592550256,0.15823971847817933
SDFFS_X1__4_0.png,0.0145263671875,3640.0,14.0,217.46323529054845,0.0008678436279296875,210.34810140203655,0.22850763072774405,0.7714923692722183,0.41092430082827675,0.5890756991715592,-3,0.0,0.9999999999999623,0.0,0.9999999999999623,0.0,0.9999999999999623,0.0,0.999999999999768,0.0,0.9999999999997004,0.0,0.9999999999996014,0.5824221742459823,0.41757782575378566,0,0.7519556421397418,0.24804435785995865,0,0.9999999999996014,0.0,0,0.7781259387951085,0.17147686619590488
SDFFS_X1__5_0.png,0.012451171875,3120.0,12.0,186.39705881996022,0.000743865966796875,121.90932866351065,0.211565105369331,0.7884348946306284,0.4275732690134904,0.5724267309863182,-1,0.0,0.9999999999999595,0.0,0.9999999999999595,0.0,0.9999999999999595,0.0,0.9999999999997631,0.0,0.9999999999996819,0.0,0.9999999999995526,0.5297700876983812,0.47022991230138184,-1,0.7109096692109698,0.2890903307887121,-1,0.9999999999995526,0.0,0,0.7468932523029679,0.1936494363444691
SDFFS_X1__6_0.png,0.0166015625,4160.0,16.0,248.5294117611367,0.0009918212890625,96.11270207682901,0.21024112215586674,0.789758877844103,0.5862444008757408,0.41375559912411614,-1,0.0,0.9999999999999698,0.0,0.9999999999999698,0.0,0.9999999999999698,0.0,0.9999999999998505,0.0,0.9999999999998104,0.0,0.9999999999997574,0.6166392338769091,0.3833607661229413,-1,0.7817212663845095,0.2182787336153009,-1,0.9999999999997574,0.0,0,0.7994535000870586,0.15700784127899614
SDFFS_X1__7_0.png,0.02178955078125,5460.0,21.0,326.1948529376073,0.0013017654418945312,117.8235671450142,0.222260044251769,0.777739955748206,0.5741826503922652,0.4258173496076258,-3,0.0,0.9999999999999748,0.0,0.9999999999999748,0.0,0.9999999999999748,0.0,0.9999999999998793,0.0,0.9999999999998492,0.0,0.9999999999998116,0.6401655465327365,0.35983445346714293,-1,0.7998401977927999,0.20015980220704938,0,0.9999999999998116,0.0,0,0.8133352481084494,0.14721140300659138
SDFFS_X2__0_0.png,0.01763916015625,4420.0,17.0,264.06249999643086,0.0010538101196289062,71.68153256175424,0.22414228705188363,0.7758577129480859,0.5392003241928219,0.460799675807043,-1,0.0,0.9999999999999695,0.0,0.9999999999999695,0.0,0.9999999999999695,0.0,0.9999999999998485,0.0,0.9999999999998075,0.0,0.9999999999997499,0.6059590598937671,0.39404094010608126,0,0.7694958986404341,0.23050410135937335,0,0.9999999999997499,0.0,0,0.7918183195113171,0.16163907010178427
SDFFS_X2__1_0.png,0.0166015625,4160.0,16.0,248.5294117611367,0.0009918212890625,32.70993022126515,0.2056018472040899,0.7943981527958806,0.6276822957727409,0.3723177042271158,0,0.0,0.9999999999999705,0.0,0.9999999999999705,0.0,0.9999999999999705,0.0,0.999999999999856,0.0,0.9999999999998201,0.0,0.9999999999997724,0.6326889279436698,0.3673110720561861,0,0.7899706818711819,0.21002931812863823,0,0.9999999999997724,0.0,0,0.8075532032715413,0.15046863395814739
SDFFS_X2__2_0.png,0.0166015625,4160.0,16.0,248.5294117611367,0.0009918212890625,30.060646181570295,0.1991089963913725,0.8008910036085989,0.637717299396558,0.36228270060329876,0,0.0,0.9999999999999714,0.0,0.9999999999999714,0.0,0.9999999999999714,0.0,0.9999999999998566,0.0,0.9999999999998218,0.0,0.9999999999997761,0.6407595590767251,0.35924044092313134,0,0.7955626837742501,0.2044373162255717,0,0.9999999999997761,0.0,0,0.8121074142835837,0.14712516140884235
SDFFS_X2__3_0.png,0.01348876953125,3380.0,13.0,201.93014705525434,0.0008058547973632812,61.969390989869936,0.1931001290269662,0.8068998709729996,0.5258686167487104,0.474131383251113,-1,0.0,0.9999999999999658,0.0,0.9999999999999658,0.0,0.9999999999999658,0.0,0.9999999999997932,0.0,0.9999999999997392,0.0,0.9999999999996645,0.6166449450752775,0.38335505492451577,0,0.777667623271386,0.22233237672835318,0,0.9999999999996645,0.0,0,0.798104189448776,0.15716979027336878
SDFFS_X2__4_0.png,0.012451171875,3120.0,12.0,186.39705881996022,0.000743865966796875,84.20761002671604,0.1768770152003625,0.8231229847996036,0.6051815193705719,0.3948184806292435,0,0.0,0.9999999999999661,0.0,0.9999999999999661,0.0,0.9999999999999661,0.0,0.9999999999998146,0.0,0.9999999999997701,0.0,0.9999999999997119,0.6437448987162121,0.3562551012836024,0,0.7982655901362229,0.2017344098635471,0,0.9999999999997119,0.0,0,0.814003496284049,0.14586565866135756
SDFFS_X2__5_0.png,0.01141357421875,2860.0,11.0,170.8639705846661,0.0006818771362304688,30.45082760184056,0.1752724902884653,0.824727509711498,0.6265663115316752,0.3734336884681164,0,0.0,0.9999999999999634,0.0,0.9999999999999634,0.0,0.9999999999999634,0.0,0.9999999999997872,0.0,0.9999999999997361,0.0,0.9999999999996683,0.641722728433824,0.35827727156596306,0,0.7957707436836253,0.20422925631611072,0,0.9999999999996683,0.0,0,0.8124978240390393,0.14674353419731714
SDFFS_X2__6_0.png,0.012451171875,3120.0,12.0,186.39705881996022,0.000743865966796875,75.89204408030466,0.1826529897773357,0.8173470102226292,0.579576535393803,0.4204234646060057,-1,0.0,0.9999999999999649,0.0,0.9999999999999649,0.0,0.9999999999999649,0.0,0.9999999999997894,0.0,0.9999999999997384,0.0,0.9999999999996706,0.6394885944771912,0.36051140552259825,0,0.7945201894641105,0.2054798105356278,0,0.9999999999996706,0.0,0,0.8113362613136573,0.1476577203812593
SDFFS_X2__7_0.png,0.0166015625,4160.0,16.0,248.5294117611367,0.0009918212890625,89.54431759433973,0.22411457827030154,0.775885421729666,0.5198733832733403,0.48012661672651646,-2,0.0,0.9999999999999675,0.0,0.9999999999999675,0.0,0.9999999999999675,0.0,0.9999999999998314,0.0,0.9999999999997873,0.0,0.999999999999726,0.6153807226475801,0.3846192773522512,0,0.7763897165232024,0.22361028347658476,0,0.999999999999726,0.0,0,0.7972568130568362,0.15771191862808956
SDFF_X1__0_0.png,0.02386474609375,5980.0,23.0,357.26102940819555,0.0014257431030273438,21.60098793965217,0.24541349243222574,0.7545865075677497,0.5311073002452161,0.4688926997546842,-1,0.0,0.9999999999999754,0.0,0.9999999999999754,0.0,0.9999999999999754,0.0,0.9999999999998921,0.0,0.9999999999998598,0.0,0.999999999999813,0.5770666954456533,0.42293330455423883,0,0.7499544173129007,0.25004558268695914,0,0.999999999999813,0.0,0,0.7756737042527889,0.1736169275844527
SDFF_X1__1_0.png,0.01971435546875,4940.0,19.0,295.1286764670191,0.0011777877807617188,67.43670357444806,0.20532107812693565,0.7946789218730395,0.6180700379723202,0.3819299620275593,-1,0.0,0.9999999999999751,0.0,0.9999999999999751,0.0,0.9999999999999751,0.0,0.9999999999998768,0.0,0.9999999999998463,0.0,0.999999999999806,0.6355855911405203,0.3644144088593565,0,0.7921886287829828,0.2078113712168635,0,0.999999999999806,0.0,0,0.8092580733077698,0.14926037607338896
SDFF_X1__2_0.png,0.01971435546875,4940.0,19.0,295.1286764670191,0.0011777877807617188,30.14581966352838,0.2145998286648785,0.7854001713350955,0.6694278559043695,0.3305721440955102,0,0.0,0.999999999999974,0.0,0.999999999999974,0.0,0.999999999999974,0.0,0.9999999999998835,0.0,0.9999999999998564,0.0,0.9999999999998214,0.6521176813282084,0.3478823186716752,0,0.80342223881014,0.19657776118971657,0,0.9999999999998214,0.0,0,0.8185133067127232,0.1424226858308622
SDFF_X1__3_0.png,0.01556396484375,3900.0,15.0,232.99632352584257,0.0009298324584960938,25.49728249981325,0.18693424741482212,0.8130657525851492,0.673647309861199,0.32635269013864865,0,0.0,0.9999999999999714,0.0,0.9999999999999714,0.0,0.9999999999999714,0.0,0.9999999999998513,0.0,0.9999999999998179,0.0,0.9999999999997755,0.6622150176230779,0.33778498237677346,0,0.8107350290405093,0.18926497095930864,0,0.9999999999997755,0.0,0,0.824316682221121,0.13823414811385618
SDFF_X1__4_0.png,0.01556396484375,3900.0,15.0,232.99632352584257,0.0009298324584960938,61.621879518661494,0.1899653826323874,0.8100346173675831,0.6094750320101504,0.3905249679896972,-1,0.0,0.9999999999999705,0.0,0.9999999999999705,0.0,0.9999999999999705,0.0,0.9999999999998399,0.0,0.9999999999998019,0.0,0.999999999999752,0.6452893620426406,0.3547106379571993,0,0.7985893727462063,0.20141062725359565,0,0.999999999999752,0.0,0,0.8146262449295328,0.14525333070662785
SDFF_X1__5_0.png,0.01763916015625,4420.0,17.0,264.06249999643086,0.0010538101196289062,160.40084459423335,0.2119829218663562,0.7880170781336143,0.49674109186882265,0.5032589081310427,-3,0.0,0.9999999999999704,0.0,0.9999999999999704,0.0,0.9999999999999704,0.0,0.9999999999998345,0.0,0.9999999999997907,0.0,0.999999999999731,0.6153706034310434,0.3846293965687911,0,0.7778661587087313,0.22213384129105937,0,0.999999999999731,0.0,0,0.7977455873798353,0.15765222683576935
SDFF_X1__6_0.png,0.01971435546875,4940.0,19.0,295.1286764670191,0.0011777877807617188,115.46903719608571,0.21698021556759878,0.783019784432375,0.5400585605667434,0.45994143943313615,-2,0.0,0.9999999999999737,0.0,0.9999999999999737,0.0,0.9999999999999737,0.0,0.999999999999865,0.0,0.9999999999998286,0.0,0.9999999999997784,0.6095313998567305,0.3904686001431344,0,0.7736609286055871,0.22633907139424142,0,0.9999999999997784,0.0,0,0.7943974428206987,0.16008109234752033
SDFF_X2__0_0.png,0.01971435546875,4940.0,19.0,295.1286764670191,0.0011777877807617188,103.14090752076562,0.23025752097782598,0.7697424790221459,0.5005673861605461,0.49943261383933324,-3,0.0,0.9999999999999718,0.0,0.9999999999999718,0.0,0.9999999999999718,0.0,0.999999999999854,0.0,0.9999999999998144,0.0,0.9999999999997597,0.6078439964942145,0.3921560035056395,0,0.7726572219023019,0.22734277809751244,0,0.9999999999997597,0.0,0,0.7935004061320919,0.16077398528781128
SDFF_X2__1_0.png,0.01763916015625,4420.0,17.0,264.06249999643086,0.0010538101196289062,106.35209525252381,0.218606029183017,0.7813939708169534,0.5172655470792089,0.4827344529206563,-2,0.0,0.9999999999999704,0.0,0.9999999999999704,0.0,0.9999999999999704,0.0,0.9999999999998429,0.0,0.9999999999998002,0.0,0.9999999999997409,0.6063386810388576,0.3936613189609853,0,0.7711584963726751,0.22884150362712508,0,0.9999999999997409,0.0,0,0.7924990591370911,0.16141844840007613
SDFF_X2__2_0.png,0.0186767578125,4680.0,18.0,279.59558823172495,0.0011157989501953125,61.32937427962407,0.20148986812479378,0.7985101318751805,0.6090065786961445,0.3909934213037282,-1,0.0,0.9999999999999742,0.0,0.9999999999999742,0.0,0.9999999999999742,0.0,0.9999999999998678,0.0,0.9999999999998351,0.0,0.9999999999997922,0.6363383858423093,0.36366161415755843,0,0.7934002869439151,0.20659971305592004,0,0.9999999999997922,0.0,0,0.8099128909286722,0.14892266890498249
SDFF_X2__3_0.png,0.0186767578125,4680.0,18.0,279.59558823172495,0.0011157989501953125,24.600431245708332,0.1895672975649395,0.8104327024350363,0.6773239954832366,0.3226760045166365,0,0.0,0.9999999999999758,0.0,0.9999999999999758,0.0,0.9999999999999758,0.0,0.9999999999998785,0.0,0.9999999999998506,0.0,0.9999999999998144,0.6544171242527996,0.34558287574707885,0,0.8054575358850471,0.19454246411480344,0,0.9999999999998144,0.0,0,0.819958220045887,0.14145572542493873
SDFF_X2__4_0.png,0.01556396484375,3900.0,15.0,232.99632352584257,0.0009298324584960938,65.8751626712009,0.17677718256840375,0.8232228174315672,0.5000914383247737,0.49990856167507397,-3,0.0,0.9999999999999707,0.0,0.9999999999999707,0.0,0.9999999999999707,0.0,0.9999999999998056,0.0,0.9999999999997594,0.0,0.9999999999996985,0.644686436557969,0.3553135634418366,0,0.7979253411632535,0.2020746588365058,0,0.9999999999996985,0.0,0,0.8142039259069737,0.14551214458447292
SDFF_X2__5_0.png,0.0145263671875,3640.0,14.0,217.46323529054845,0.0008678436279296875,35.278714419492985,0.18703454711779335,0.8129654528821759,0.6299644606035752,0.370035539396261,0,0.0,0.9999999999999692,0.0,0.9999999999999692,0.0,0.9999999999999692,0.0,0.9999999999998361,0.0,0.9999999999997954,0.0,0.999999999999741,0.6325035643465967,0.3674964356532395,0,0.7898657498361187,0.21013425016367673,0,0.999999999999741,0.0,0,0.8074564380608188,0.150544526721289
SDFF_X2__6_0.png,0.01971435546875,4940.0,19.0,295.1286764670191,0.0011777877807617188,80.72006966247699,0.21746836715527362,0.7825316328447,0.596315573869178,0.4036844261307015,-1,0.0,0.9999999999999735,0.0,0.9999999999999735,0.0,0.9999999999999735,0.0,0.9999999999998749,0.0,0.9999999999998428,0.0,0.9999999999997993,0.6232074480065292,0.37679255199334577,0,0.7832630850527204,0.21673691494712244,0,0.9999999999997993,0.0,0,0.8021568443530164,0.1544039883223518
TBUF_X16__0_0.png,0.0186767578125,4680.0,18.0,279.59558823172495,0.0011157989501953125,211.61877972379352,0.21441433292155918,0.7855856670784125,0.4776487865398375,0.5223512134600359,-4,0.0,0.9999999999999715,0.0,0.9999999999999715,0.0,0.9999999999999715,0.0,0.9999999999998359,0.0,0.9999999999997948,0.0,0.9999999999997395,0.6299876897824161,0.3700123102174198,0,0.7878725675341186,0.21212743246567614,0,0.9999999999997395,0.0,0,0.8059534191054247,0.15159697737366643
TBUF_X16__1_0.png,0.0186767578125,4680.0,18.0,279.59558823172495,0.0011157989501953125,219.9391418391172,0.2195481279421688,0.7804518720578024,0.4936304516588196,0.5063695483410532,-4,0.0,0.999999999999971,0.0,0.999999999999971,0.0,0.999999999999971,0.0,0.9999999999998387,0.0,0.9999999999997982,0.0,0.9999999999997439,0.6297336108555384,0.37026638914430027,0,0.7880825458362031,0.21191745416359506,0,0.9999999999997439,0.0,0,0.8059387188971617,0.15168702849345037
TBUF_X16__2_0.png,0.01556396484375,3900.0,15.0,232.99632352584257,0.0009298324584960938,256.86536969421195,0.20050478315120174,0.7994952168487667,0.464137277672443,0.5358627223274043,-3,0.0,0.9999999999999682,0.0,0.9999999999999682,0.0,0.9999999999999682,0.0,0.999999999999799,0.0,0.9999999999997458,0.0,0.9999999999996725,0.6138245698664146,0.3861754301333844,0,0.7764810577165583,0.22351894228318753,0,0.9999999999996725,0.0,0,0.7967685425275484,0.15830677441730828
TBUF_X16__3_0.png,0.01556396484375,3900.0,15.0,232.99632352584257,0.0009298324584960938,245.79795916926,0.20299549592594068,0.7970045040740275,0.4704784344924998,0.5295215655073472,-3,0.0,0.9999999999999679,0.0,0.9999999999999679,0.0,0.9999999999999679,0.0,0.9999999999998004,0.0,0.9999999999997479,0.0,0.9999999999996756,0.6156073404020417,0.3843926595977587,0,0.7773519251618102,0.22264807483793778,0,0.9999999999996756,0.0,0,0.7976530885211758,0.1575828504066847
TBUF_X16__4_0.png,0.01763916015625,4420.0,17.0,264.06249999643086,0.0010538101196289062,236.12964979693882,0.23015506036458724,0.769844939635381,0.4623107440692438,0.5376892559306213,-3,0.0,0.9999999999999681,0.0,0.9999999999999681,0.0,0.9999999999999681,0.0,0.9999999999998263,0.0,0.9999999999997778,0.0,0.9999999999997092,0.5975840792560011,0.4024159207438251,0,0.7639765354189042,0.2360234645808737,0,0.9999999999997092,0.0,0,0.7871868715582049,0.16510336781296758
TBUF_X16__5_0.png,0.0145263671875,3640.0,14.0,217.46323529054845,0.0008678436279296875,223.73915406041192,0.24312552033686685,0.7568744796630928,0.403680860835837,0.596319139163999,-3,0.0,0.9999999999999597,0.0,0.9999999999999597,0.0,0.9999999999999597,0.0,0.9999999999997728,0.0,0.9999999999997001,0.0,0.9999999999995942,0.559894590971953,0.4401054090278198,-1,0.7393652126955244,0.2606347873041758,-1,0.9999999999995942,0.0,0,0.7664199345556906,0.18068787313125556
TBUF_X16__6_0.png,0.0145263671875,3640.0,14.0,217.46323529054845,0.0008678436279296875,67.99926011998544,0.228420803266906,0.7715791967330563,0.48795456777184254,0.5120454322279938,-1,0.0,0.9999999999999624,0.0,0.9999999999999624,0.0,0.9999999999999624,0.0,0.9999999999998039,0.0,0.9999999999997478,0.0,0.9999999999996665,0.5880772624765981,0.41192273752320585,0,0.7566865159465188,0.2433134840532289,0,0.9999999999996665,0.0,0,0.7815879261409279,0.16908606407069218
TBUF_X16__7_0.png,0.01763916015625,4420.0,17.0,264.06249999643086,0.0010538101196289062,35.36991072530037,0.20006814604887585,0.7999318539510971,0.6202692916341738,0.37973070836569217,0,0.0,0.9999999999999729,0.0,0.9999999999999729,0.0,0.9999999999999729,0.0,0.9999999999998661,0.0,0.9999999999998322,0.0,0.9999999999997865,0.6274181447938713,0.3725818552059948,0,0.7860259810008415,0.21397401899899066,0,0.9999999999997865,0.0,0,0.8044813752648331,0.15266468897609103
TBUF_X1__0_0.png,0.020751953125,5200.0,20.0,310.6617647023132,0.001239776611328125,15.351393735095483,0.23080829870079592,0.7691917012991767,0.506454384055838,0.4935456159440475,-2,0.0,0.9999999999999725,0.0,0.9999999999999725,0.0,0.9999999999999725,0.0,0.9999999999998659,0.0,0.9999999999998284,0.0,0.9999999999997753,0.5965799356222377,0.4034200643776283,0,0.7635305628506852,0.2364694371491432,0,0.9999999999997753,0.0,0,0.7867034994908995,0.16550866206937667
TBUF_X2__0_0.png,0.01971435546875,4940.0,19.0,295.1286764670191,0.0011777877807617188,53.81445017236467,0.2196612769846737,0.780338723015299,0.47101589295197444,0.5289841070479049,-2,0.0,0.9999999999999726,0.0,0.9999999999999726,0.0,0.9999999999999726,0.0,0.9999999999998531,0.0,0.9999999999998088,0.0,0.9999999999997444,0.5749518644266245,0.42504813557322857,0,0.7479255095406012,0.25207449045920766,0,0.9999999999997444,0.0,0,0.7742924579889902,0.1745239073716575
TBUF_X2__1_0.png,0.01763916015625,4420.0,17.0,264.06249999643086,0.0010538101196289062,64.5815076113849,0.2142079169099069,0.785792083090064,0.529972586460611,0.47002741353925404,-1,0.0,0.9999999999999709,0.0,0.9999999999999709,0.0,0.9999999999999709,0.0,0.9999999999998479,0.0,0.9999999999998056,0.0,0.9999999999997456,0.5981376666057151,0.4018623333941328,0,0.7642450280913774,0.23575497190842828,0,0.9999999999997456,0.0,0,0.7874608982322794,0.16487887719984665
TBUF_X4__0_0.png,0.01763916015625,4420.0,17.0,264.06249999643086,0.0010538101196289062,134.72114321152895,0.2307898463452325,0.7692101536547343,0.43917753584126884,0.5608224641585965,-3,0.0,0.9999999999999664,0.0,0.9999999999999664,0.0,0.9999999999999664,0.0,0.9999999999998225,0.0,0.9999999999997708,0.0,0.9999999999996955,0.5827652322112302,0.4172347677885923,0,0.752337733773205,0.24766226622656592,0,0.9999999999996955,0.0,0,0.7783676553280435,0.17132693984501662
TBUF_X4__1_0.png,0.01763916015625,4420.0,17.0,264.06249999643086,0.0010538101196289062,123.79585106179582,0.24303585331414723,0.7569641466858197,0.48832782015790344,0.5116721798419616,-3,0.0,0.9999999999999669,0.0,0.9999999999999669,0.0,0.9999999999999669,0.0,0.9999999999998316,0.0,0.9999999999997867,0.0,0.9999999999997242,0.6105403220372212,0.38945967796261044,0,0.773460504416683,0.22653949558310363,0,0.9999999999997242,0.0,0,0.7946669421512095,0.15970179489850325
TBUF_X8__0_0.png,0.02801513671875,7020.0,27.0,419.393382349372,0.0016736984252929688,53.06462908051835,0.22670051958038953,0.7732994804195912,0.6297011013827849,0.37029889861713083,0,0.0,0.9999999999999807,0.0,0.9999999999999807,0.0,0.9999999999999807,0.0,0.999999999999919,0.0,0.9999999999998974,0.0,0.9999999999998682,0.6156435820265419,0.384356417973377,0,0.7790244102731755,0.22097558972672188,0,0.9999999999998682,0.0,0,0.7982226640998619,0.1574989814185412
TBUF_X8__1_0.png,0.02490234375,6240.0,24.0,372.79411764348964,0.00148773193359375,117.11287768546694,0.22782936758697755,0.7721706324129989,0.5543897399765251,0.44561026002337967,-4,0.0,0.999999999999976,0.0,0.999999999999976,0.0,0.999999999999976,0.0,0.9999999999998915,0.0,0.999999999999865,0.0,0.99999999999983,0.637886150642069,0.3621138493578226,0,0.7942411841766549,0.20575881582321007,0,0.99999999999983,0.0,0,0.8107091116061845,0.1482902659191133
TBUF_X8__2_0.png,0.020751953125,5200.0,20.0,310.6617647023132,0.001239776611328125,118.91192764010364,0.22636700100221155,0.7736329989977622,0.6031557147269812,0.3968442852729045,-2,0.0,0.9999999999999736,0.0,0.9999999999999736,0.0,0.9999999999999736,0.0,0.9999999999998792,0.0,0.99999999999985,0.0,0.9999999999998116,0.6414654192954963,0.35853458070438293,0,0.7964791691678479,0.20352083083200212,0,0.9999999999998116,0.0,0,0.8126481961543853,0.1468169823634703
TBUF_X8__3_0.png,0.01763916015625,4420.0,17.0,264.06249999643086,0.0010538101196289062,86.34424385805845,0.20805612779034233,0.7919438722096295,0.6037347468685703,0.3962652531312952,-1,0.0,0.9999999999999718,0.0,0.9999999999999718,0.0,0.9999999999999718,0.0,0.9999999999998583,0.0,0.9999999999998241,0.0,0.999999999999779,0.641000198451983,0.3589998015478753,0,0.7955944966394322,0.20440550336039193,0,0.999999999999779,0.0,0,0.8121982316970646,0.1470305578017424
TBUF_X8__4_0.png,0.0186767578125,4680.0,18.0,279.59558823172495,0.0011157989501953125,61.70015570001325,0.19917561619947582,0.800824383800498,0.6176303029534976,0.3823696970463758,-1,0.0,0.9999999999999737,0.0,0.9999999999999737,0.0,0.9999999999999737,0.0,0.9999999999998691,0.0,0.9999999999998382,0.0,0.9999999999997978,0.6472598256132797,0.35274017438658944,0,0.8000485476169917,0.19995145238284653,0,0.9999999999997978,0.0,0,0.8157694577433564,0.14443399396254503
XNOR2_X2__0_0.png,0.0186767578125,4680.0,18.0,279.59558823172495,0.0011157989501953125,95.58140692744446,0.21694553897328248,0.7830544610266896,0.5409347033476275,0.4590652966522451,-2,0.0,0.999999999999972,0.0,0.999999999999972,0.0,0.999999999999972,0.0,0.9999999999998557,0.0,0.9999999999998176,0.0,0.999999999999765,0.6140543349596366,0.38594566504021915,0,0.7759435252912614,0.22405647470855622,0,0.999999999999765,0.0,0,0.7966659534168876,0.15824154187271866
XNOR2_X2__1_0.png,0.01556396484375,3900.0,15.0,232.99632352584257,0.0009298324584960938,147.18097464499266,0.22297202063988397,0.7770279793600816,0.4920005511581224,0.5079994488417245,-2,0.0,0.9999999999999656,0.0,0.9999999999999656,0.0,0.9999999999999656,0.0,0.9999999999998133,0.0,0.9999999999997619,0.0,0.9999999999996891,0.6010723760414376,0.3989276239583756,0,0.7663522462005702,0.23364775379919167,0,0.9999999999996891,0.0,0,0.7891415407472323,0.16365680808467237
XOR2_X2__0_0.png,0.01763916015625,4420.0,17.0,264.06249999643086,0.0010538101196289062,91.22747008971903,0.2420294540703809,0.7579705459295861,0.4695372352599979,0.5304627647398674,-4,0.0,0.9999999999999669,0.0,0.9999999999999669,0.0,0.9999999999999669,0.0,0.9999999999998201,0.0,0.9999999999997756,0.0,0.9999999999997157,0.6324537261884352,0.367546273811385,0,0.7889776501209971,0.21102234987877863,0,0.9999999999997157,0.0,0,0.8071437921030493,0.15059896498985476
XOR2_X2__1_0.png,0.0166015625,4160.0,16.0,248.5294117611367,0.0009918212890625,124.17589261466176,0.21769491361202345,0.7823050863879419,0.4574213430802756,0.5425786569195811,-4,0.0,0.9999999999999646,0.0,0.9999999999999646,0.0,0.9999999999999646,0.0,0.9999999999998048,0.0,0.9999999999997552,0.0,0.9999999999996879,0.6256345177663754,0.37436548223342947,0,0.7846089809507898,0.21539101904896543,0,0.9999999999996879,0.0,0,0.8034144995722844,0.15341146028445354
